---
Akseki:
  Akseki:
    postcode: 7630
    neighborhoods:
    - Akşahap Mah
    - Alaçeşme Mah
    - Aşağıaşıklar Mah
    - Bademli Mah
    - Belenalan Mah
    - Boğaz Mah
    - Bucakalan Mah
    - Bucakkışla Mah
    - Büyükalan Mah
    - Ceceler Mah
    - Cemerler Mah
    - Cendeve Mah
    - Çaltılıçukur Mah
    - Çanakpınar Mah
    - Çınardibi Mah
    - Çimiköy Mah
    - Çukurköy Mah
    - Değirmenlik Mah
    - Demirciler Mah
    - Dikmen Mah
    - Dutluca Mah
    - Emiraşıklar Mah
    - Erenyaka Mah
    - Fakılar Mah
    - Geriş Mah
    - Güçlüköy Mah
    - Gümüşdamla Mah
    - Güneykaya Mah
    - Günyaka Mah
    - Güzelsu Mah
    - Hacı İlyas Mah
    - Hocaköy Mah
    - Hüsamettinköy Mah
    - Karakışla Mah
    - Kepez Mah
    - Kepezbeleni Mah
    - Kuyucak Mah
    - Mahmutlu Mah
    - Menteşbey Mah
    - Minareli Mah
    - Pınarbaşı Mah
    - Sadıklar Mah
    - Salihler Mah
    - Sarıhacılar Mah
    - Sarıhaliller Mah
    - Sinanhoca Mah
    - Susuzşahap Mah
    - Süleymaniye Mah
    - Taşlıca Mah
    - Yarpuz Mah
  Cevizli:
    postcode: 7650
    neighborhoods:
    - Cevizli Mah
Aksu:
  Aksu:
    postcode: 7112
    neighborhoods:
    - Alaylı Mah
    - Altıntaş Mah
    - Atatürk Mah
    - Barbaros Mah
    - Boztepe Mah
    - Cihadiye Mah
    - Cumhuriyet Mah
    - Çalkaya Mah
    - Çamköy Mah
    - Dumanlar Mah
    - Fatih Mah
    - Fettahlı Mah
    - Gökdere Mah
    - Güloluk Mah
    - Güzelyurt Mah
    - Hacıaliler Mah
    - İhsaniye Mah
    - Karaçallı Mah
    - Karaöz Mah
    - Kayadibi Mah
    - Kemerağzı Mah
    - Konak Mah
    - Kumköy Mah
    - Kundu Mah
    - Kurşunlu Mah
    - Macun Mah
    - Mandırlar Mah
    - Murtuna Mah
    - Pınarlı Mah
    - Soğucaksu Mah
    - Solak Mah
    - Topallı Mah
    - Yenidumanlar Mah
    - Yeşilkaraman Mah
    - Yurtpınar Mah
Alanya:
  Alanya:
    postcode: 7400
    neighborhoods:
    - Akçatı Mah
    - Akdam Mah
    - Alacami Mah
    - Alara Mah
    - Asmaca Mah
    - Bademağacı Mah
    - Basırlı Mah
    - Başköy Mah
    - Bayır Mah
    - Bayırkozağacı Mah
    - Bektaş Mah
    - Beldibi Mah
    - Bıçakçı Mah
    - Bucak Mah
    - Burçaklar Mah
    - Büyükhasbahçe Mah
    - Cikcilli Mah
    - Cumhuriyet Mah
    - Çakallar Mah
    - Çarşı Mah
    - Çıplaklı Mah
    - Değirmendere Mah
    - Dere Mah
    - Dinek Mah
    - Elikesik Mah
    - Emişbeleni Mah
    - Fakırcalı Mah
    - Fığla Mah
    - Gözübüyük Mah
    - Güller Pınarı Mah
    - Gümüşgöze Mah
    - Gümüşkavak Mah
    - Güney Mah
    - Güzelbağ Mah
    - Hacet Mah
    - Hacıkerimler Mah
    - Hacımehmetli Mah
    - Hisariçi Mah
    - Kadıpaşa Mah
    - Karakocalı Mah
    - Karamanlar Mah
    - Karapınar Mah
    - Kayabaşı Mah
    - Kızılcaşehir Mah
    - Kızlar Pınarı Mah
    - Küçükhasbahçe Mah
    - Mahmutseydi Mah
    - Oba Mah
    - Obaalacami Mah
    - Orhan Mah
    - Öteköy Mah
    - Paşaköy Mah
    - Saburlar Mah
    - Sapadere Mah
    - Saray Mah
    - Soğukpınar Mah
    - Sugözü Mah
    - Süleymanlar Mah
    - Şekerhane Mah
    - Şıhlar Mah
    - Taşbaşı Mah
    - Tepe Mah
    - Tırılar Mah
    - Tophane Mah
    - Toslak Mah
    - Tosmur Mah
    - Türktaş Mah
    - Uğurlu Mah
    - Uzunöz Mah
    - Üzümlü Mah
    - Yalçı Mah
    - Yasirali Mah
    - Yaylakonak Mah
    - Yenice Mah
    - Yeniköy Mah
  Avsallar:
    postcode: 7410
    neighborhoods:
    - Avsallar Mah
    - İncekum Mah
    - Konaklı Mah
    - Okurcalar Mah
    - Payallar Mah
    - Türkler Mah
  Demirtaş:
    postcode: 7430
    neighborhoods:
    - Demirtaş Mah
  Kestel:
    postcode: 7425
    neighborhoods:
    - Kestel Mah
  Mahmutlar:
    postcode: 7450
    neighborhoods:
    - Aliefendi Mah
    - Beyreli Mah
    - Büyükpınar Mah
    - Çamlıca Mah
    - Gözüküçüklü Mah
    - Hocalar Mah
    - İmamlı Mah
    - İsbatlı Mah
    - İshaklı Mah
    - Kargıcak Mah
    - Keşefli Mah
    - Kocaoğlanlı Mah
    - Kuzyaka Mah
    - Mahmutlar Mah
    - Özvadi Mah
    - Seki Mah
    - Uğrak Mah
    - Yaylalı Mah
    - Yeşilöz Mah
Demre:
  Davazlar:
    postcode: 7572
    neighborhoods:
    - Belören Mah
    - Çağman Mah
    - Çevreli Mah
    - Davazlar Mah
    - Gürses Mah
    - Kaleüçağız Mah
    - Kapaklı Mah
    - Yavu Mah
  Demre:
    postcode: 7570
    neighborhoods:
    - Alakent Mah
    - Büyükkum Mah
    - Gökyazı Mah
    - Karabucak Mah
    - Küçükkum Mah
    - Yaylakaya Mah
  Kale:
    postcode: 7571
    neighborhoods:
    - Beymelek Mah
    - Kayaaltı Mah
    - Köşkerler Mah
Döşemealtı:
  Döşemealtı:
    postcode: 7190
    neighborhoods:
    - Ahırtaş Mah
    - Akkoç Mah
    - Altınkale Mah
    - Aosb1kısım Mah
    - Aosb2kısım Mah
    - Aosb3kısım Mah
    - Aşağıoba Mah
    - Ayanlar Mah
    - Aydınlar Mah
    - Bademağacı Mah
    - Bahçeyaka Mah
    - Bıyıklı Mah
    - Camili Mah
    - Çığlık Mah
    - Çıplaklı Mah
    - Dağbeli Mah
    - Dereli Mah
    - Düzlerçamı Mah
    - Ekşili Mah
    - Ilıcaköy Mah
    - Karaman Mah
    - Karataş Mah
    - Karaveliler Mah
    - Kevşirler Mah
    - Killik Mah
    - Kovanlık Mah
    - Kömürcüler Mah
    - Nebiler Mah
    - Orta Mah
    - Selimiye Mah
    - Tomalar Mah
    - Yağca Mah
    - Yalınlı Mah
    - Yeniköy Mah
    - Yeşilbayır Mah
Elmalı:
  Akçay:
    postcode: 7770
    neighborhoods:
    - Akçay Mah
  Elmalı:
    postcode: 7700
    neighborhoods:
    - Afşar Mah
    - Ahatlı Mah
    - Akçaeniş Mah
    - Armutlu Mah
    - Bayındır Mah
    - Bayralar Mah
    - Beyler Mah
    - Bozhüyük Mah
    - Büyüksöğle Mah
    - Camiatik Mah
    - Camicedit Mah
    - Çaybaşı Mah
    - Çobanisa Mah
    - Çukurelma Mah
    - Dereköy Mah
    - Düden Mah
    - Eskihisar Mah
    - Eymir Mah
    - Geçit Mah
    - Geçmen Mah
    - Gökpınar Mah
    - Gölova Mah
    - Göltarla Mah
    - Gümüşyaka Mah
    - Gündoğan Mah
    - Hacımusalar Mah
    - Hacıyusuflar Mah
    - İlyağı Mah
    - İmircik Mah
    - İplik Pazarı Mah
    - İslamlar Mah
    - Kapmescit Mah
    - Karaköy Mah
    - Karamık Mah
    - Karyağdı Mah
    - Kışla Mah
    - Kızılca Mah
    - Kocapınar Mah
    - Kuzköy Mah
    - Küçüksöğle Mah
    - Macun Mah
    - Mursal Mah
    - Ovacık Mah
    - Özdemir Mah
    - Pirhasanlar Mah
    - Salur Mah
    - Sarılar Mah
    - Tahtamescit Mah
    - Tavullar Mah
    - Tekke Mah
    - Toklular Mah
    - Yakaçiftlikköyü Mah
    - Yalnızdam Mah
    - Yapraklı Mah
    - Yeni Mah
    - Yılmazlı Mah
    - Yörenler Mah
    - Yuva Mah
    - Zümrütova Mah
Finike:
  Finike:
    postcode: 7740
    neighborhoods:
    - Akçaalan Mah
    - Alacadağ Mah
    - Arif Mah
    - Asarönü Mah
    - Boldağ Mah
    - Çamlıbel Mah
    - Dağbağ Mah
    - Ernez Mah
    - Eski Mah
    - Gökbük Mah
    - Gökçeyaka Mah
    - Hasyurt Mah
    - İskele Mah
    - Kale Mah
    - Karşıyaka Mah
    - Kızılca Mah
    - Kum Mah
    - Sahilkent Mah
    - Saklısu Mah
    - Turunçova Mah
    - Yalnız Mah
    - Yazır Mah
    - Yeni Mah
    - Yeşilköy Mah
    - Yeşilyurt Mah
    - Yuvalı Mah
Gazipaşa:
  Gazipaşa:
    postcode: 7900
    neighborhoods:
    - Akoluk Mah
    - Aydın Mah
    - Aydıncık Mah
    - Bakılar Mah
    - Beyobası Mah
    - Beyrebucak Mah
    - Cumhuriyet Mah
    - Çakmak Mah
    - Çalıpınar Mah
    - Çamlıca Mah
    - Çığlık Mah
    - Çile Mah
    - Çimenbağ Mah
    - Çobanlar Mah
    - Çörüş Mah
    - Doğanca Mah
    - Ekmel Mah
    - Esenpınar Mah
    - Esentepe Mah
    - Gazi Mah
    - Göçük Mah
    - Gökçebelen Mah
    - Gökçesaray Mah
    - Güneyköy Mah
    - Gürçam Mah
    - Hasdere Mah
    - Ilıca Mah
    - İnal Mah
    - İnceğiz Mah
    - İstiklal Mah
    - Kahyalar Mah
    - Karaçukur Mah
    - Karalar Mah
    - Karatepe Mah
    - Kırahmetler Mah
    - Kızılgüney Mah
    - Koru Mah
    - Korubaşı Mah
    - Küçüklü Mah
    - Macar Mah
    - Muzkent Mah
    - Öznurtepe Mah
    - Pazarcı Mah
    - Sarıağaç Mah
    - Sugözü Mah
    - Şahinler Mah
    - Üçkonak Mah
    - Yakacık Mah
    - Yeni Mah
    - Yenigüney Mah
    - Yeniköy Mah
    - Yeşilyurt Mah
    - Zeytinada Mah
Gündoğmuş:
  Gündoğmuş:
    postcode: 7860
    neighborhoods:
    - Akyar Mah
    - Balkaya Mah
    - Bedan Mah
    - Çaltı Mah
    - Çamlıalan Mah
    - Çayırözü Mah
    - Çiçekoluk Mah
    - Eskibağ Mah
    - Fatih Mah
    - Güneycik Mah
    - Güneyyaka Mah
    - Kalecik Mah
    - Karabul Mah
    - Karadere Mah
    - Karaisa Mah
    - Karaköy Mah
    - Kayabükü Mah
    - Kozağacı Mah
    - Köprülü Mah
    - Narağacı Mah
    - Ortakonuş Mah
    - Ortaköy Mah
    - Özügür Mah
    - Pembelik Mah
    - Rasih Kaplan Mah
    - Senir Mah
    - Serinyaka Mah
    - Umutlu Mah
    - Yeniköy Mah
İbradı:
  Aydınkent:
    postcode: 7680
    neighborhoods:
    - Aşağı Mah
    - Aydınyayla Mah
    - Başlar Mah
    - Çukurviran Mah
    - Düzlen Mah
    - Ormana Mah
    - Ürünlü Mah
    - Üzümdere Mah
    - Yukarı Mah
Kaş:
  Cemre:
    postcode: 7582
    neighborhoods:
    - Beldibi Mah
    - Cemre Mah
    - Çamlıköy Mah
    - Çamlıova Mah
    - Sütleğen Mah
    - Yaylakılınçlı Mah
    - Yaylapalamut Mah
    - Yeşilbarak Mah
    - Yuvacık Mah
  Gömbe:
    postcode: 7780
    neighborhoods:
    - Gömbe Mah
  Kalkan:
    postcode: 7960
    neighborhoods:
    - Aklar Mah
    - Bezirgan Mah
    - Çavdır Mah
    - Çayköy Mah
    - Gelemiş Mah
    - Hacıoğlan Mah
    - İkizce Mah
    - İslamlar Mah
    - Kalkan Mah
    - Palamut Mah
    - Sarıbelen Mah
    - Üzümlü Mah
  Kaş:
    postcode: 7580
    neighborhoods:
    - Ağullu Mah
    - Ahatlı Mah
    - Akörü Mah
    - Andifli Mah
    - Bayındır Mah
    - Belenli Mah
    - Belkonak Mah
    - Boğazcık Mah
    - Çataloluk Mah
    - Çerler Mah
    - Çeşme Mah
    - Çukurbağ Mah
    - Dere Mah
    - Dirgenler Mah
    - Doğantaş Mah
    - Gökçeören Mah
    - Gökçeyazı Mah
    - Gürsu Mah
    - Karadağ Mah
    - Kasaba Mah
    - Kemer Mah
    - Kızılağaç Mah
    - Ortabağ Mah
    - Pınarbaşı Mah
    - Sahilkılınçlı Mah
    - Sarılar Mah
    - Sinneli Mah
    - Uğrar Mah
    - Yeniköy Mah
  Kınık:
    postcode: 7970
    neighborhoods:
    - Kınık Mah
  Ova:
    postcode: 7974
    neighborhoods:
    - Ova Mah
  Yeşilköy:
    postcode: 7965
    neighborhoods:
    - Yeşilköy Mah
Kemer:
  Beldibi:
    postcode: 7985
    neighborhoods:
    - Beldibi Mah
  Beycik:
    postcode: 7982
    neighborhoods:
    - Beycik Mah
    - Ovacık Mah
    - Ulupınar Mah
  Çamyuva:
    postcode: 7990
    neighborhoods:
    - Çamyuva Mah
  Göynük:
    postcode: 7994
    neighborhoods:
    - Göynük Mah
  Kemer:
    postcode: 7980
    neighborhoods:
    - Arslanbucak Mah
    - Kiriş Mah
    - Kuzdere Mah
    - Merkez Mah
    - Yeni Mah
  Tekirova:
    postcode: 7995
    neighborhoods:
    - Tekirova Mah
Kepez:
  Ahatlı:
    postcode: 7090
    neighborhoods:
    - Ahatlı Mah
    - Fabrikalar Mah
    - Kepez Mah
    - Kültür Mah
    - Santral Mah
    - Yeni Doğan Mah
  Altınova:
    postcode: 7170
    neighborhoods:
    - Altınova Düden Mah
    - Altınova Orta Mah
    - Altınova Sinan Mah
  Dokuma:
    postcode: 7025
    neighborhoods:
    - Atatürk Mah
    - Özgürlük Mah
    - Ulus Mah
    - Yeşiltepe Mah
    - Yükseliş Mah
    - Zafer Mah
  Duraliler:
    postcode: 7220
    neighborhoods:
    - Avni Tolunay Mah
    - Duraliler Mah
    - Gülveren Mah
    - Şafak Mah
    - Ünsal Mah
    - Yeşilyurt Mah
  Düdenbaşı:
    postcode: 7260
    neighborhoods:
    - Beşkonaklılar Mah
    - Düdenbaşı Mah
    - Göksu Mah
    - Güneş Mah
    - Teomanpaşa Mah
  Erenköy:
    postcode: 7080
    neighborhoods:
    - Barış Mah
    - Çamlıbel Mah
    - Çankaya Mah
    - Erenköy Mah
    - Esentepe Mah
    - Fatih Mah
    - Göçerler Mah
    - Kanal Mah
    - Kazım Karabekir Mah
    - Kütükçü Mah
    - Yavuz Selim Mah
  Sütçüler:
    postcode: 7320
    neighborhoods:
    - Baraj Mah
    - Gazi Mah
    - Habibler Mah
    - Hüsnü Karakaş Mah
    - Mehmet Akif Ersoy Mah
    - Sütçüler Mah
  Varsak:
    postcode: 7020
    neighborhoods:
    - Aktoprak Mah
    - Altıayak Mah
    - Ayanoğlu Mah
    - Aydoğmuş Mah
    - Demirel Mah
    - Fevzi Çakmak Mah
    - Gaziler Mah
    - Menderes Mah
    - Şelale Mah
    - Varsak Esentepe Mah
    - Varsak Karşıyaka Mah
    - Varsak Menderes Mah
    - Zeytinlik Mah
  Yeniemek:
    postcode: 7060
    neighborhoods:
    - Başköy Mah
    - Çamlıca Mah
    - Duacı Mah
    - Emek Mah
    - Gündoğdu Mah
    - Karşıyaka Mah
    - Kızıllı Mah
    - Kirişçiler Mah
    - Kuzeyyaka Mah
    - Odabaşı Mah
    - Yeni Emek Mah
    - Yeni Mah
Konyaaltı:
  Arapsuyu:
    postcode: 7070
    neighborhoods:
    - Akdamlar Mah
    - Akkuyu Mah
    - Altınkum Mah
    - Arapsuyu Mah
    - Aşağıkaraman Mah
    - Çağlarca Mah
    - Çitdibi Mah
    - Doyran Çamlıbel Mah
    - Doyran Dağ Mah
    - Doyran Mah
    - Geyikbayırı Mah
    - Gökçam Mah
    - Gürsu Mah
    - Hacısekililer Mah
    - Hisarçandır Mah
    - Karatepe Mah
    - Kır Mah
    - Kuşkavağı Mah
    - Molla Yusuf Mah
    - Öğretmenevleri Mah
    - Pınarbaşı Mah
    - Siteler Mah
    - Toros Mah
    - Uluç Mah
    - Uncalı Mah
    - Üçoluk Mah
    - Yarbaşçandır Mah
  Liman:
    postcode: 7130
    neighborhoods:
    - Aydınlık Mah
    - Bahtılı Mah
    - Çakırlar Mah
    - Demircilik Mah
    - Gökdere Mah
    - Hurma Mah
    - Kuruçay Mah
    - Liman Mah
    - Liman Sb Mah
    - Sarısu Mah
    - Suiçecek Mah
    - Yeni Mah
    - Zümrüt Mah
Korkuteli:
  Korkuteli:
    postcode: 7800
    neighborhoods:
    - Akyar Mah
    - Alaaddin Mah
    - Aşağıpazar Mah
    - Avdan Mah
    - Bahçeyaka Mah
    - Bayat Mah
    - Bayatbademleri Mah
    - Beğiş Mah
    - Bozova Mah
    - Büyükköy Mah
    - Çaykenarı Mah
    - Çıvgalar Mah
    - Çomaklı Mah
    - Çukurca Mah
    - Dereköy Mah
    - Duraliler Mah
    - Esenyurt Mah
    - Garipce Mah
    - Göçerler Mah
    - Güzle Mah
    - İmecik Mah
    - İmrahor Mah
    - Karabayır Mah
    - Karakuyu Mah
    - Karataş Mah
    - Kargalık Mah
    - Kargın Mah
    - Karşıyaka Mah
    - Kayabaş Mah
    - Kemerağzı Mah
    - Kevzer Mah
    - Kırkpınar Mah
    - Kızılaliler Mah
    - Kızılcadağ Mah
    - Kiremitli Mah
    - Kozağacı Mah
    - Köseler Mah
    - Küçükköy Mah
    - Küçüklü Mah
    - Leylek Mah
    - Mamatlar Mah
    - Manay Mah
    - Nebiler Mah
    - Osmankalfalar Mah
    - Sımandır Mah
    - Söğütcük Mah
    - Sülekler Mah
    - Taşkesiği Mah
    - Tatköy Mah
    - Uzunoluk Mah
    - Yakaköy Mah
    - Yazır Mah
    - Yeleme Mah
    - Yelten Mah
    - Yeni Mah
    - Yeşiloba Mah
    - Yeşilyayla Mah
    - Yukarıkaraman Mah
Kumluca:
  Kumluca:
    postcode: 7350
    neighborhoods:
    - Adrasan Mah
    - Altınyaka Mah
    - Bağlık Mah
    - Belen Mah
    - Beşikçi Mah
    - Beykonak Mah
    - Büyükalan Mah
    - Cumhuriyet Mah
    - Çaltı Mah
    - Çayiçi Mah
    - Dereköy Mah
    - Ellinci Yıl Mahallesi Mah
    - Erentepe Mah
    - Eskicami Mah
    - Göksu Mah
    - Gölcük Mah
    - Güzören Mah
    - Hacıveliler Mah
    - Hızırkahya Mah
    - İncircik Mah
    - Karacaağaç Mah
    - Karacaören Mah
    - Karşıyaka Mah
    - Kasapçayırı Mah
    - Kavakköy Mah
    - Kum Mah
    - Kuzca Mah
    - Merkez Mah
    - Meydan Mah
    - Narenciye Mah
    - Ortaköy Mah
    - Salur Mah
    - Sarıcasu Mah
    - Sarıkavak Mah
    - Temel Eğitim Mahallesi Mah
    - Toptaş Mah
    - Yazır Mah
    - Yeni Mah
    - Yenikışla Mah
    - Yeşilköy Mah
  Mavikent:
    postcode: 7390
    neighborhoods:
    - Mavikent Mah
Manavgat:
  Çolaklı:
    postcode: 7620
    neighborhoods:
    - Çolaklı Mah
    - Evrenseki Mah
  Manavgat:
    postcode: 7600
    neighborhoods:
    - A. Hisar Mah
    - A. Pazarcı Mah
    - Ahmetler Mah
    - Aksaz Mah
    - Aşağıışıklar Mah
    - Aydınevler Mah
    - Bahçelievler Mah
    - Belenobası Mah
    - Boztepe Mah
    - Bucakşeyhler Mah
    - Cevizler Mah
    - Çağlayan Mah
    - Çavuşköy Mah
    - Çayyazı Mah
    - Çeltikçi Mah
    - Çenger Mah
    - Demirciler Mah
    - Dikmen Mah
    - Doğançam Mah
    - Dolbazlar Mah
    - Emek Mah
    - Eski Hisar Mah
    - Evrenleryavşı Mah
    - Gebece Mah
    - Gençler Mah
    - Gültepe Mah
    - Gündoğdu Mah
    - Güzelyalı Mah
    - Hacıali Mah
    - Hacıisalı Mah
    - Hacıobası Mah
    - Halitağalar Mah
    - Hatipler Mah
    - Hocalı Mah
    - Ilıca Mah
    - Kadılar Mah
    - Kalemler Mah
    - Karacalar Mah
    - Karakaya Mah
    - Karaöz Mah
    - Karavca Mah
    - Kasaplar Mah
    - Kavaklı Mah
    - Kızılağaç Mah
    - Kızılot Mah
    - Milli Egemenlik Mah
    - Mimar Sinan Mah
    - Namaras Mah
    - Odaönü Mah
    - Oymapınar Mah
    - Örenşehir Mah
    - Örnek Mah
    - Salkım Evler Mah
    - Salur Mah
    - Sanayi Mah
    - Saraçlı Mah
    - Sarılar Mah
    - Sevinçköy Mah
    - Seydiler Mah
    - Sırtköy Mah
    - Sorgun Mah
    - Sülek Mah
    - Şelale Mah
    - Şişeler Mah
    - Taşkesiği Mah
    - Tepeköy Mah
    - Tilkiler Mah
    - Ulukapı Mah
    - Uzunkale Mah
    - Uzunlar Mah
    - Y.hisar Mah
    - Y.pazarcı Mah
    - Yalçıdibi Mah
    - Yavrudoğan Mah
    - Yayla Mah
    - Yaylaalan Mah
    - Yeniköy Mah
    - Yukarıışıklar Mah
  Side:
    postcode: 7330
    neighborhoods:
    - Side Mah
  Taşağıl:
    postcode: 7550
    neighborhoods:
    - Altınkaya Mah
    - Ballıbucak Mah
    - Bereket Mah
    - Beşkonak Mah
    - Beydiğin Mah
    - Burmahan Mah
    - Büklüce Mah
    - Çakış Mah
    - Çaltepe Mah
    - Çardakköy Mah
    - Değirmenözü Mah
    - Denizkent Mah
    - Denizyaka Mah
    - Düzağaç Mah
    - Gaziler Mah
    - Hocalar Mah
    - Karabucak Mah
    - Karabük Mah
    - Kırkkavak Mah
    - Kısalar Mah
    - Kızıldağ Mah
    - Perakende Mah
    - Sağırin Mah
    - Taşağıl Mah
    - Yeşilbağ Mah
Muratpaşa:
  Bahçelievler:
    postcode: 7050
    neighborhoods:
    - Altındağ Mah
    - Bahçelievler Mah
    - Deniz Mah
    - Memurevleri Mah
    - Varlık Mah
    - Yıldız Mah
  Çarşı:
    postcode: 7040
    neighborhoods:
    - Balbey Mah
    - Elmalı Mah
    - Kışla Mah
    - Kızılsaray Mah
    - Tahılpazarı Mah
    - Üçgen Mah
  Eskisanayi:
    postcode: 7010
    neighborhoods:
    - Cumhuriyet Mah
    - Dutlubahçe Mah
    - Etiler Mah
    - Konuksever Mah
    - Muratpaşa Mah
    - Sedir Mah
  Fener:
    postcode: 7160
    neighborhoods:
    - Fener Mah
    - Şirinyalı Mah
    - Yeşilbahçe Mah
  Gençlik:
    postcode: 7100
    neighborhoods:
    - Barbaros Mah
    - Çaybaşı Mah
    - Demircikara Mah
    - Gençlik Mah
    - Haşimişcan Mah
    - Kılınçarslan Mah
    - Selçuk Mah
    - Sinan Mah
    - Tuzcular Mah
    - Zerdalilik Mah
  Kızıltoprak:
    postcode: 7300
    neighborhoods:
    - Doğuyaka Mah
    - Gebizli Mah
    - Kızılarık Mah
    - Kızıltoprak Mah
    - Mehmetçik Mah
    - Topçular Mah
    - Yenigün Mah
    - Yeşildere Mah
    - Yüksekalan Mah
  Lara:
    postcode: 7230
    neighborhoods:
    - Çağlayan Mah
    - Ermenek Mah
    - Güzelbağ Mah
    - Güzeloba Mah
    - Yenigöl Mah
  Meltem:
    postcode: 7030
    neighborhoods:
    - Bayındır Mah
    - Güvenlik Mah
    - Meltem Mah
    - Soğuksu Mah
  Meydankavağı:
    postcode: 7200
    neighborhoods:
    - Güzeloluk Mah
    - Kırcami Mah
    - Meydankavağı Mah
    - Tarım Mah
    - Yeşilova Mah
    - Zümrütova Mah
Serik:
  Serik:
    postcode: 7500
    neighborhoods:
    - Abdurrahmanlar Mah
    - Akbaş Mah
    - Akçaalan Mah
    - Akçapınar Mah
    - Alacami Mah
    - Aşağıçatma Mah
    - Aşağıkocayatak Mah
    - Aşağıoba Mah
    - Belek Mah
    - Belkıs Mah
    - Belpınar Mah
    - Berendi Mah
    - Bilginler Mah
    - Boğazkent Mah
    - Bozdoğan Mah
    - Bucakköy Mah
    - Burmahancı Mah
    - Büğüş Mah
    - Cumalı Mah
    - Cumhuriyet Mah
    - Çakallık Mah
    - Çanakçı Mah
    - Çandır Mah
    - Çatallar Mah
    - Demirciler Mah
    - Deniztepesi Mah
    - Dikmen Mah
    - Dorumlar Mah
    - Eminceler Mah
    - Eskiyürük Mah
    - Etler Mah
    - Gebiz Mah
    - Gedik Mah
    - Gökçepınar Mah
    - Hacıosmanlar Mah
    - Hasdümen Mah
    - Haskızılören Mah
    - Haspınar Mah
    - Kadriye Mah
    - Karadayı Mah
    - Karataş Mah
    - Karıncalı Mah
    - Kayaburnu Mah
    - Kırbaş Mah
    - Kozağacı Mah
    - Kozan Mah
    - Kökez Mah
    - Kuşlar Mah
    - Kürüş Mah
    - Merkez Mah
    - Nebiler Mah
    - Orta Mah
    - Pınarcık Mah
    - Sarıabalı Mah
    - Şatırlı Mah
    - Tekke Mah
    - Töngüşlü Mah
    - Üründü Mah
    - Yanköy Mah
    - Yeni Mah
    - Yeşilvadi Mah
    - Yeşilyurt Mah
    - Yukarıçatma Mah
    - Yukarıkocayatak Mah
    - Yumaklar Mah
    - Zırlankaya Mah
