---
Çerkezköy:
  Çerkezköy:
    postcode: 59500
    neighborhoods:
    - Bağlık Mah
    - Cumhuriyet Mah
    - Fatih Mah
    - Fevzi Paşa Mah
    - Gazi Mustafa Kemal Paşa Osb Mah
    - Gazi Mustafa Kemalpaşa Mah
    - Gazi Osman Paşa Mah
    - Gazi Osman Paşa Osb Mah
    - İstasyon Mah
    - Kızılpınar Atatürk Mah
    - Kızılpınar Gültepe Mah
    - Kızılpınar Namık Kemal Mah
    - Veliköy Mah
    - Veliköy Osb Mah
    - Veliköy-yalıboyu Osb Mah
    - Yıldırım Beyazıt Mah
    - Yıldırım Beyazıt Osb Mah
Çorlu:
  Çorlu:
    postcode: 59850
    neighborhoods:
    - Alipaşa Mah
    - Cumhuriyet Mah
    - Çobançeşme Mah
    - Deregündüzlü Mah
    - Esentepe Mah
    - Havuzlar Mah
    - Hıdırağa Mah
    - Hürriyet Mah
    - Maksutlu Mah
    - Muhittin Mah
    - Önerler Mah
    - Reşadiye Mah
    - Rumeli Mah
    - Sarılar Mah
    - Seymen Mah
    - Şahpaz Mah
    - Şeyhsinan Mah
    - Türkgücü Mah
    - Türkgücü Osb Mah
    - Yenice Mah
    - Zafer Mah
  Silahtar:
    postcode: 59860
    neighborhoods:
    - Cemaliye Mah
    - Hatip Mah
    - Kazımiye Mah
    - Kemalettin Mah
    - Nusratiye Mah
    - Silahtarağa Mah
Ergene:
  Marmaracık:
    postcode: 59930
    neighborhoods:
    - Ahimehmet Mah
    - Bakırca Mah
    - Cumhuriyet Mah
    - Esenler Mah
    - İğneler Mah
    - Karamehmet Mah
    - Kırkgöz Mah
    - Marmaracık Mah
    - Marmaracıkosb Mah
    - Misinli Mah
    - Paşaköy Mah
    - Pınarbaşı Mah
    - Sağlık Mah
    - Ulaş Mah
    - Ulaş Osb Mah
    - Vakıflar Mah
    - Vakıflar Osb Mah
    - Velimeşe Mah
    - Velimeşe Osb Mah
    - Yeşiltepe Mah
    - Yulaflı Mah
Hayrabolu:
  Hayrabolu:
    postcode: 59400
    neighborhoods:
    - Ataköy Mah
    - Avluobası Mah
    - Aydınevler Mah
    - Aydınlar Mah
    - Bayramşah Mah
    - Buzağcı Mah
    - Büyükkarakarlı Mah
    - Cambazdere Mah
    - Canhıdır Mah
    - Çene Mah
    - Çerkezmüsellim Mah
    - Çıkrıkçı Mah
    - Dambaslar Mah
    - Danişment Mah
    - Delibedir Mah
    - Duğcalı Mah
    - Emiryakup Mah
    - Fahrioğlu Mah
    - Hacıllı Mah
    - Hasköy Mah
    - Hayraboluosb Mah
    - Hedeyli Mah
    - Hisar Mah
    - İlyas Mah
    - İsmailli Mah
    - Kabahöyük Mah
    - Kadriye Mah
    - Kahya Mah
    - Kandamış Mah
    - Karababa Mah
    - Karabürçek Mah
    - Karakavak Mah
    - Karayahşi Mah
    - Kemallar Mah
    - Kılıçlar Mah
    - Kurtdere Mah
    - Kutlugün Mah
    - Küçükkarakarlı Mah
    - Lahna Mah
    - Muzruplu Mah
    - Örey Mah
    - Övenler Mah
    - Parmaksız Mah
    - Soylu Mah
    - Subaşı Mah
    - Susuzmüsellim Mah
    - Şalgamlı Mah
    - Tatarlı Mah
    - Temrezli Mah
    - Umurbey Mah
    - Umurçu Mah
    - Yörgüç Mah
    - Yörükler Mah
Kapaklı:
  Kapaklı:
    postcode: 59510
    neighborhoods:
    - Atatürk Mah
    - Bahçeağıl Mah
    - Bahçelievler Mah
    - Bahçelievlerosb Mah
    - Cumhuriyet Mah
    - Fatih Mah
    - İnönü Mah
    - İsmet Paşa Mah
    - İsmetpaşaosb Mah
    - Karaağaç Mah
    - Karaağaç Osb Mah
    - Karlı Mah
    - Kazım Karabekir Mah
    - Mimar Sinan Mah
    - Pınarca Mah
    - Uzunhacı Mah
    - Yanıkağıl Mah
Malkara:
  Malkara:
    postcode: 59300
    neighborhoods:
    - Ahievren Mah
    - Ahmetpaşa Mah
    - Aksakal Mah
    - Alaybey Mah
    - Allıışık Mah
    - Bağpınarı Mah
    - Balabancık Mah
    - Ballı Mah
    - Ballısüle Mah
    - Batkın Mah
    - Bayramtepe Mah
    - Cami Atik Mah
    - Çavuşköy Mah
    - Çınaraltı Mah
    - Çınarlıdere Mah
    - Çimendere Mah
    - Danişment Mah
    - Davuteli Mah
    - Deliller Mah
    - Demircili Mah
    - Dereköy Mah
    - Deveci Mah
    - Develi Mah
    - Doğanköy Mah
    - Dolu Mah
    - Elmalı Mah
    - Emirali Mah
    - Esendik Mah
    - Evrenbey Mah
    - Gazibey Mah
    - Gönence Mah
    - Gözsüz Mah
    - Güneşli Mah
    - Hacıevhat Mah
    - Hacısungur Mah
    - Halıç Mah
    - Hasköy Mah
    - Hemit Mah
    - Hereke Mah
    - Izgar Mah
    - İbribey Mah
    - İbrice Mah
    - İshakça Mah
    - Kadıköy Mah
    - Kalaycı Mah
    - Karacagür Mah
    - Karacahalil Mah
    - Karaiğdemir Mah
    - Karamurat Mah
    - Kavakçeşme Mah
    - Kermeyan Mah
    - Kırıkali Mah
    - Kiremitlik Mah
    - Kozyörük Mah
    - Kuyucu Mah
    - Küçükhıdır Mah
    - Kürtüllü Mah
    - Mestanlar Mah
    - Müstecep Mah
    - Pirinççeşme Mah
    - Sağlamtaş Mah
    - Sarıpolat Mah
    - Sarıyar Mah
    - Sarnıç Mah
    - Sırtbey Mah
    - Şahin Mah
    - Tekkeköy Mah
    - Teteköy Mah
    - Vakıfiğdemir Mah
    - Yaylagöne Mah
    - Yaylaköy Mah
    - Yeni Mah
    - Yenice Mah
    - Yenidibek Mah
    - Yılanlı Mah
    - Yörücek Mah
    - Yörük Mah
Marmaraereğlisi:
  Marmaraereğlisi:
    postcode: 59740
    neighborhoods:
    - Bahçelievler Mah
    - Cedit Ali Paşa Mah
    - Çeşmeli Mah
    - Dereağzı Mah
    - Kamaradere Mah
    - Mustafa Kemal Paşa Mah
    - Sultanköy Mah
    - Türkmenli Mah
    - Yakuplu Mah
    - Yeniçiftlik Mah
Muratlı:
  Muratlı:
    postcode: 59700
    neighborhoods:
    - Arzulu Mah
    - Aşağısevindikli Mah
    - Aydınköy Mah
    - Balabanlı Mah
    - Ballıhoca Mah
    - Çevrimkaya Mah
    - Fatih Mah
    - Hanoğlu Mah
    - İnanlı Mah
    - İstiklal-kurtpınar Mah
    - İstiklalkurtpınar Osb Mah
    - Kazım Dirik-turan Mah
    - Kepenekli Mah
    - Kırkkepenekli Mah
    - Muradiye Mah
    - Müsellim Mah
    - Yavaşça Mah
    - Yeşilsırt Mah
    - Yukarısevindikli Mah
    - Yukarısırt Mah
    - Yurtbekler Mah
Saray:
  Saray:
    postcode: 59600
    neighborhoods:
    - Atatürk Mah
    - Ayaspaşa Mah
    - Ayvacık Mah
    - Aziziye Mah
    - Bahçedere Mah
    - Bahçeköy Mah
    - Beyazköy Mah
    - Bozoba Mah
    - Büyükyoncalı Merkez Mah
    - Cumhuriyet Mah
    - Çayla Mah
    - Çukuryurt Mah
    - Demirler Mah
    - Edirköy Mah
    - Göçerler Mah
    - Güngörmez Mah
    - Kadıköy Mah
    - Karabürçek Mah
    - Kavacık Mah
    - Kemalpaşa Mah
    - Kurtdere Mah
    - Küçükyoncalı Mah
    - Osmanlı Mah
    - Pazarcık Mah
    - Sefaalan Mah
    - Sinanlı Mah
    - Sofular Mah
    - Yeni Mah
    - Yuvalı Mah
Süleymanpaşa:
  Altınova:
    postcode: 59100
    neighborhoods:
    - 100. Yıl Mah
    - Altınova Mah
    - Ertuğrul Mah
    - Topağaç Mah
    - Vatan Mah
    - Yavuz Mah
  Aydoğdu:
    postcode: 59200
    neighborhoods:
    - Aydoğdu Mah
    - Çınarlı Mah
    - Karadeniz Mah
    - Zafer Mah
  Eskicami:
    postcode: 59030
    neighborhoods:
    - Atatürk Mah
    - Bahçelievler Mah
    - Cumhuriyet Mah
    - Çiftlikönü Mah
    - Değirmenaltı Mah
    - Hürriyet Mah
    - İstiklal Mah
    - Namık Kemal Mah
    - Ortacami Mah
  Kumbağ:
    postcode: 59060
    neighborhoods:
    - Barbaros Mah
    - Kumbağ Mah
  Süleymanpaşa:
    postcode: 59070
    neighborhoods:
    - Ahmedikli Mah
    - Ahmetçe Mah
    - Akçahalil Mah
    - Araphacı Mah
    - Aşağıkılıçlı Mah
    - Avşar Mah
    - Banarlı Mah
    - Bıyıkali Mah
    - Çanakçı Mah
    - Dedecik Mah
    - Demirli Mah
    - Doğrukaracamurat Mah
    - Evciler Mah
    - Ferhadanlı Mah
    - Gazioğlu Mah
    - Generli Mah
    - Gündüzlü Mah
    - Güveçli Mah
    - Hacıköy Mah
    - Husunlu Mah
    - Işıklar Mah
    - İnecik Mah
    - Karabezirgan Mah
    - Karacakılavuz Mah
    - Karaçalı Mah
    - Karaevli Mah
    - Karahalil Mah
    - Karahisarlı Mah
    - Karansıllı Mah
    - Kaşıkçı Mah
    - Kayı Mah
    - Kazandere Mah
    - Kılavuzlu Mah
    - Kınıklar Mah
    - Köseilyas Mah
    - Mahramlı Mah
    - Naipköy Mah
    - Nusratfakı Mah
    - Nusratlı Mah
    - Oğuzlu Mah
    - Ormanlı Mah
    - Ortaca Mah
    - Oruçbeyli Mah
    - Osmanlı Mah
    - Otmanlı Mah
    - Selçuk Mah
    - Semetli Mah
    - Seymenli Mah
    - Taşumurca Mah
    - Tatarlı Mah
    - Yağcı Mah
    - Yayabaşı Mah
    - Yazır Mah
    - Yenice Mah
    - Yeniköy Mah
    - Yukarıkılıçlı Mah
    - Yuva Mah
Şarköy:
  Şarköy:
    postcode: 59800
    neighborhoods:
    - Aşağıkalamış Mah
    - Beyoğlu Mah
    - Bulgur Mah
    - Camikebir Mah
    - Cumhuriyet Mah
    - Çengelli Mah
    - Çınarlı Mah
    - Eriklice Mah
    - Gaziköy Mah
    - Gölcük Mah
    - Güzelköy Mah
    - Hoşköy Mah
    - İğdebağları Mah
    - İshaklı Mah
    - İstiklal Mah
    - Kızılcaterzi Mah
    - Kirazlı Mah
    - Kocaali Mah
    - Mursallı Mah
    - Mürefte Mah
    - Palamut Mah
    - Sofuköy Mah
    - Şenköy Mah
    - Tepeköy Mah
    - Uçmakdere Mah
    - Ulaman Mah
    - Yayaağaç Mah
    - Yayaköy Mah
    - Yeniköy Mah
    - Yörgüç Mah
    - Yukarıkalamış Mah
